-- MySQL dump 10.13  Distrib 5.7.17, for Win64 (x86_64)
--
-- Host: localhost    Database: evidenta_strazilor
-- ------------------------------------------------------
-- Server version	5.7.21-log

/*!40101 SET @OLD_CHARACTER_SET_CLIENT=@@CHARACTER_SET_CLIENT */;
/*!40101 SET @OLD_CHARACTER_SET_RESULTS=@@CHARACTER_SET_RESULTS */;
/*!40101 SET @OLD_COLLATION_CONNECTION=@@COLLATION_CONNECTION */;
/*!40101 SET NAMES utf8 */;
/*!40103 SET @OLD_TIME_ZONE=@@TIME_ZONE */;
/*!40103 SET TIME_ZONE='+00:00' */;
/*!40014 SET @OLD_UNIQUE_CHECKS=@@UNIQUE_CHECKS, UNIQUE_CHECKS=0 */;
/*!40014 SET @OLD_FOREIGN_KEY_CHECKS=@@FOREIGN_KEY_CHECKS, FOREIGN_KEY_CHECKS=0 */;
/*!40101 SET @OLD_SQL_MODE=@@SQL_MODE, SQL_MODE='NO_AUTO_VALUE_ON_ZERO' */;
/*!40111 SET @OLD_SQL_NOTES=@@SQL_NOTES, SQL_NOTES=0 */;

--
-- Table structure for table `cartiere`
--

DROP TABLE IF EXISTS `cartiere`;
/*!40101 SET @saved_cs_client     = @@character_set_client */;
/*!40101 SET character_set_client = utf8 */;
CREATE TABLE `cartiere` (
  `id` bigint(20) unsigned NOT NULL AUTO_INCREMENT,
  `nume_cartier` varchar(100) COLLATE utf8mb4_unicode_ci NOT NULL,
  PRIMARY KEY (`id`),
  UNIQUE KEY `cartiere_id_unique` (`id`)
) ENGINE=InnoDB AUTO_INCREMENT=6 DEFAULT CHARSET=utf8mb4 COLLATE=utf8mb4_unicode_ci;
/*!40101 SET character_set_client = @saved_cs_client */;

--
-- Dumping data for table `cartiere`
--

LOCK TABLES `cartiere` WRITE;
/*!40000 ALTER TABLE `cartiere` DISABLE KEYS */;
INSERT INTO `cartiere` VALUES (1,'Zorilor'),(2,'Marasti'),(3,'Buna Ziua'),(4,'Baciu'),(5,'Manastur');
/*!40000 ALTER TABLE `cartiere` ENABLE KEYS */;
UNLOCK TABLES;

--
-- Table structure for table `cladiri`
--

DROP TABLE IF EXISTS `cladiri`;
/*!40101 SET @saved_cs_client     = @@character_set_client */;
/*!40101 SET character_set_client = utf8 */;
CREATE TABLE `cladiri` (
  `id` bigint(20) unsigned NOT NULL AUTO_INCREMENT,
  `numar_cladire` varchar(100) COLLATE utf8mb4_unicode_ci NOT NULL,
  `id_tip_cladire` mediumint(8) unsigned NOT NULL,
  `nr_apartamente` smallint(5) unsigned NOT NULL,
  `cod_postal` char(50) COLLATE utf8mb4_unicode_ci NOT NULL,
  `id_strada` mediumint(8) unsigned NOT NULL,
  PRIMARY KEY (`id`)
) ENGINE=InnoDB AUTO_INCREMENT=501 DEFAULT CHARSET=utf8mb4 COLLATE=utf8mb4_unicode_ci;
/*!40101 SET character_set_client = @saved_cs_client */;

--
-- Dumping data for table `cladiri`
--

LOCK TABLES `cladiri` WRITE;
/*!40000 ALTER TABLE `cladiri` DISABLE KEYS */;
INSERT INTO `cladiri` VALUES (1,'855',1,14,'59794-9283',1),(2,'487',1,7,'41154-0867',1),(3,'728',1,1,'96474-2511',1),(4,'817',2,20,'23462',1),(5,'76',1,4,'94508',1),(6,'902',1,7,'12665',1),(7,'521',2,1,'04380',1),(8,'176',1,18,'03286-7757',1),(9,'126',1,1,'30959-1020',1),(10,'250',1,23,'31877',1),(11,'510',2,23,'59368',2),(12,'557',2,15,'18620',2),(13,'592',1,5,'97079-7175',2),(14,'1',2,1,'18732',2),(15,'458',1,17,'58366',2),(16,'598',1,1,'42300-0761',2),(17,'904',2,21,'06981-8687',2),(18,'784',1,13,'85321-2170',2),(19,'618',1,1,'52786-0329',2),(20,'112',1,1,'50414',2),(21,'130',2,6,'31976-1840',3),(22,'376',2,1,'49445',3),(23,'375',2,1,'54377',3),(24,'147',1,1,'00471',3),(25,'89',1,1,'83531',3),(26,'27',1,16,'42318-8580',3),(27,'457',1,15,'54159',3),(28,'140',2,1,'31484-2557',3),(29,'495',2,1,'21833-9103',3),(30,'527',2,18,'45351-3386',3),(31,'416',2,6,'43417-2448',4),(32,'111',1,13,'38597',4),(33,'302',1,1,'48058-7978',4),(34,'54',2,13,'35673-9690',4),(35,'766',1,1,'76338-5390',4),(36,'574',1,1,'07778-0215',4),(37,'561',2,1,'19190-3474',4),(38,'403',1,1,'24815',4),(39,'125',1,6,'91830-5458',4),(40,'335',2,1,'29554',4),(41,'414',2,1,'78914',5),(42,'759',2,15,'50854',5),(43,'342',1,1,'88154-1427',5),(44,'482',1,11,'39680',5),(45,'280',2,21,'36253-6696',5),(46,'459',1,15,'78235-9045',5),(47,'547',1,17,'71465',5),(48,'927',1,20,'90116-2410',5),(49,'289',2,1,'54572-5307',5),(50,'690',1,1,'16929',5),(51,'261',2,11,'78203-8460',6),(52,'946',2,22,'51626-6034',6),(53,'708',2,1,'08359',6),(54,'348',1,1,'03888-0543',6),(55,'131',1,1,'98243-5807',6),(56,'617',2,1,'28375',6),(57,'917',2,11,'22375',6),(58,'248',2,1,'03131-9624',6),(59,'347',1,19,'57872-1715',6),(60,'574',1,7,'00354',6),(61,'119',1,9,'31210',7),(62,'48',2,1,'19883-3795',7),(63,'232',1,1,'73502',7),(64,'926',1,1,'67001',7),(65,'360',1,1,'08330-3586',7),(66,'554',1,1,'82284',7),(67,'347',2,14,'50163',7),(68,'585',2,12,'69587',7),(69,'496',1,8,'54545',7),(70,'87',1,1,'63372-3903',7),(71,'293',2,19,'70416-0262',8),(72,'705',2,18,'34179-9695',8),(73,'755',1,14,'10551-5031',8),(74,'143',2,1,'55645-6950',8),(75,'764',1,1,'45789',8),(76,'473',2,1,'89124-0567',8),(77,'614',1,22,'38804',8),(78,'456',1,22,'84982-5401',8),(79,'86',2,1,'93394-7493',8),(80,'751',2,14,'83380',8),(81,'369',1,18,'97633-4683',9),(82,'353',1,1,'60210',9),(83,'431',2,18,'73152-3788',9),(84,'500',2,4,'44984-3305',9),(85,'224',1,1,'54954-1991',9),(86,'184',2,1,'51584-2304',9),(87,'421',2,1,'52270-1059',9),(88,'909',1,1,'64595-9179',9),(89,'211',1,4,'14031',9),(90,'129',2,1,'83461-7532',9),(91,'849',2,12,'57696-2809',10),(92,'116',1,1,'99263',10),(93,'230',1,1,'19923-8732',10),(94,'861',2,1,'02296',10),(95,'516',1,14,'66535-4227',10),(96,'182',2,15,'55907',10),(97,'443',1,1,'36454',10),(98,'275',2,1,'90527-5578',10),(99,'17',1,1,'95062',10),(100,'971',1,13,'78141-7124',10),(101,'199',2,1,'24268',11),(102,'458',1,16,'82669',11),(103,'466',1,9,'99186',11),(104,'7',2,24,'65182',11),(105,'945',2,15,'22865',11),(106,'860',1,14,'21664',11),(107,'538',2,17,'99401',11),(108,'597',2,1,'28868',11),(109,'484',1,14,'01117',11),(110,'906',1,21,'52910',11),(111,'95',1,5,'72001-0846',12),(112,'121',2,1,'85865-0947',12),(113,'680',1,5,'14188-7442',12),(114,'345',1,11,'17136',12),(115,'452',1,14,'92377-7808',12),(116,'675',1,1,'65566',12),(117,'225',2,21,'81970',12),(118,'354',1,15,'08324',12),(119,'261',1,22,'69421-6207',12),(120,'723',2,1,'64463',12),(121,'332',1,23,'34108',13),(122,'27',2,1,'30964-2691',13),(123,'868',1,8,'95018',13),(124,'192',2,8,'62535',13),(125,'271',2,1,'61804-6475',13),(126,'322',2,1,'64958',13),(127,'601',2,1,'25419',13),(128,'799',2,6,'28293',13),(129,'958',1,17,'62632-5116',13),(130,'323',1,11,'27155-0281',13),(131,'457',2,15,'75496',14),(132,'188',2,19,'61490',14),(133,'896',1,15,'89822',14),(134,'914',1,1,'98285-6916',14),(135,'568',2,17,'07588-7113',14),(136,'413',1,1,'38578-0890',14),(137,'401',1,10,'18266-5905',14),(138,'456',1,1,'24945-3738',14),(139,'893',1,1,'25992',14),(140,'577',2,10,'16525-7025',14),(141,'753',2,16,'53065-8402',15),(142,'555',2,4,'77563-2572',15),(143,'539',2,1,'48961-7066',15),(144,'575',1,1,'84187-8871',15),(145,'125',2,1,'41183',15),(146,'974',2,11,'51056',15),(147,'427',2,22,'24723-2604',15),(148,'21',2,4,'16603',15),(149,'428',2,6,'75821',15),(150,'299',2,10,'78352',15),(151,'153',1,5,'85743',16),(152,'922',1,23,'74881',16),(153,'623',2,15,'99365-1115',16),(154,'474',2,1,'37713-4983',16),(155,'352',1,1,'67905',16),(156,'349',1,1,'45882',16),(157,'427',2,1,'65306-1709',16),(158,'472',1,17,'45489-2134',16),(159,'497',1,21,'13289-4841',16),(160,'767',1,6,'98241-5536',16),(161,'539',2,1,'94656-6068',17),(162,'430',2,15,'40379-4712',17),(163,'896',2,1,'88306',17),(164,'321',2,16,'05740-5336',17),(165,'216',2,1,'33897-4852',17),(166,'706',2,8,'71232',17),(167,'145',2,19,'96173',17),(168,'995',1,1,'31216',17),(169,'376',1,1,'77383-8437',17),(170,'353',1,1,'64749',17),(171,'359',1,1,'19518',18),(172,'199',1,1,'16013-9974',18),(173,'351',2,1,'40227-6092',18),(174,'920',1,19,'37278-9697',18),(175,'99',1,1,'98172-0034',18),(176,'973',2,1,'24076-0935',18),(177,'405',2,1,'02343-1213',18),(178,'600',2,4,'55382',18),(179,'48',1,23,'01188-8219',18),(180,'887',2,24,'89447',18),(181,'342',2,12,'98775',19),(182,'554',1,1,'43260-4057',19),(183,'838',2,1,'13235',19),(184,'824',2,1,'78239',19),(185,'570',1,1,'26375-3573',19),(186,'526',2,22,'51179-1401',19),(187,'221',1,17,'83668',19),(188,'598',1,1,'19266-1885',19),(189,'65',1,17,'20628',19),(190,'656',1,1,'32923-4197',19),(191,'442',2,22,'94354-9233',20),(192,'12',2,1,'21394',20),(193,'554',1,1,'32530',20),(194,'338',1,19,'44373-7720',20),(195,'978',2,9,'21682-3783',20),(196,'158',2,1,'93882',20),(197,'259',2,1,'39475',20),(198,'812',1,1,'93191-4197',20),(199,'993',1,1,'10775',20),(200,'664',1,14,'00185',20),(201,'52',2,1,'96124-5654',21),(202,'174',2,9,'64245',21),(203,'369',1,1,'21791',21),(204,'132',1,1,'00468',21),(205,'352',1,1,'76451-5722',21),(206,'299',2,1,'64739-6750',21),(207,'520',2,4,'29849',21),(208,'460',1,24,'81071-1962',21),(209,'563',2,1,'50061',21),(210,'395',2,1,'58222',21),(211,'315',2,1,'20760',22),(212,'675',2,23,'89815',22),(213,'363',1,1,'09856-5858',22),(214,'445',2,13,'36041-1542',22),(215,'642',1,1,'45013-6145',22),(216,'563',2,18,'72955-5025',22),(217,'674',1,15,'61887',22),(218,'928',1,12,'21115',22),(219,'652',1,6,'98587',22),(220,'530',2,1,'01058-5861',22),(221,'995',2,15,'88543',23),(222,'452',2,19,'78590',23),(223,'863',2,1,'42169-7842',23),(224,'301',1,18,'70820-4859',23),(225,'328',2,15,'72935-1317',23),(226,'541',2,1,'03203-3799',23),(227,'952',2,1,'40241-9478',23),(228,'595',2,5,'28000',23),(229,'288',1,1,'67459',23),(230,'816',2,1,'64015',23),(231,'622',2,1,'56835-5553',24),(232,'81',1,1,'83034',24),(233,'265',2,1,'53329',24),(234,'575',1,16,'73810',24),(235,'205',1,7,'02799-2006',24),(236,'30',1,1,'24888',24),(237,'88',2,5,'93081',24),(238,'13',2,13,'05279-5170',24),(239,'541',2,14,'05890-9076',24),(240,'22',2,1,'25169',24),(241,'890',2,1,'93619',25),(242,'612',1,13,'10061',25),(243,'220',2,15,'74882-5157',25),(244,'347',2,24,'65887-8673',25),(245,'494',2,6,'54760',25),(246,'241',2,1,'81407-8712',25),(247,'659',2,1,'04024',25),(248,'311',2,14,'75430-5706',25),(249,'451',2,24,'53993-3211',25),(250,'217',1,1,'50031-8850',25),(251,'278',1,1,'51516-1487',26),(252,'413',2,9,'13725',26),(253,'857',1,6,'92881',26),(254,'558',2,1,'37093-6377',26),(255,'996',1,1,'36408',26),(256,'532',2,1,'54988-5047',26),(257,'936',1,1,'42696',26),(258,'33',2,1,'16452-8156',26),(259,'704',2,9,'90641',26),(260,'414',2,8,'40207',26),(261,'442',2,7,'75722-9547',27),(262,'669',1,9,'04682-0895',27),(263,'504',2,20,'67973',27),(264,'124',1,1,'98365-7493',27),(265,'872',1,1,'53777',27),(266,'43',1,1,'97500',27),(267,'113',2,1,'15082',27),(268,'864',1,1,'39816-1523',27),(269,'545',1,7,'86920-2711',27),(270,'339',2,13,'76431-9601',27),(271,'272',1,1,'53975-6684',28),(272,'753',2,7,'10015-5084',28),(273,'21',1,1,'41532-7459',28),(274,'270',2,1,'94667-6489',28),(275,'138',2,1,'43747',28),(276,'197',1,1,'10113-8482',28),(277,'938',1,9,'76259-6711',28),(278,'509',1,22,'83392-8920',28),(279,'118',2,21,'73789',28),(280,'736',2,13,'35830',28),(281,'918',2,9,'09771',29),(282,'398',1,1,'42334',29),(283,'956',1,19,'16536-2579',29),(284,'763',2,1,'52651-3189',29),(285,'627',1,1,'79025-1818',29),(286,'237',2,1,'80770',29),(287,'299',1,1,'79979',29),(288,'93',1,24,'59232-9362',29),(289,'78',2,1,'84796-8980',29),(290,'264',2,1,'74736-0371',29),(291,'901',2,14,'12293-0074',30),(292,'753',1,1,'48098-0546',30),(293,'852',1,1,'07771-7708',30),(294,'897',2,13,'79602-2200',30),(295,'832',1,11,'80132-1738',30),(296,'71',1,1,'59136-3139',30),(297,'291',2,12,'18256-2161',30),(298,'50',2,20,'07054-2018',30),(299,'739',1,1,'44790',30),(300,'887',2,1,'40147',30),(301,'149',1,1,'99746-3438',31),(302,'655',2,1,'63515-4824',31),(303,'249',2,11,'56996',31),(304,'259',2,18,'72872-0068',31),(305,'687',2,1,'27629-3301',31),(306,'108',1,11,'95746-6842',31),(307,'932',1,17,'28388-8299',31),(308,'844',2,1,'35116-7815',31),(309,'453',2,20,'57866',31),(310,'835',2,1,'36282',31),(311,'49',1,15,'44136',32),(312,'6',1,24,'17335-6821',32),(313,'571',1,1,'03407-1713',32),(314,'406',2,1,'45296',32),(315,'298',2,1,'88253',32),(316,'586',1,16,'67288-0457',32),(317,'964',1,1,'04733',32),(318,'788',2,5,'41646-2648',32),(319,'66',2,1,'69208-5557',32),(320,'206',2,6,'87538',32),(321,'592',2,18,'47560',33),(322,'62',2,19,'09167-0860',33),(323,'816',2,24,'55732',33),(324,'821',2,21,'95351',33),(325,'532',1,1,'98021',33),(326,'706',2,1,'20010',33),(327,'15',2,1,'63678-4645',33),(328,'920',1,1,'59819-1493',33),(329,'977',1,19,'72843-1742',33),(330,'920',2,4,'39306',33),(331,'895',1,24,'87277-8704',34),(332,'550',1,6,'59222-6144',34),(333,'302',2,1,'03952',34),(334,'673',1,19,'23563',34),(335,'23',1,20,'15927-2738',34),(336,'935',1,15,'89302',34),(337,'983',2,1,'64323',34),(338,'833',2,21,'91030',34),(339,'435',1,8,'99732',34),(340,'41',1,1,'66618-4271',34),(341,'647',2,1,'77539-7402',35),(342,'234',1,17,'28422-4902',35),(343,'797',2,1,'80394-7410',35),(344,'826',2,18,'99142',35),(345,'186',1,1,'41935',35),(346,'176',1,10,'55071',35),(347,'387',1,1,'08383-1609',35),(348,'406',2,1,'33309-8634',35),(349,'405',1,14,'28452-3052',35),(350,'451',2,24,'39612',35),(351,'237',2,1,'86372',36),(352,'274',2,9,'67532',36),(353,'359',2,1,'79667-8605',36),(354,'426',1,1,'62274',36),(355,'374',1,9,'85983',36),(356,'926',2,1,'86194',36),(357,'74',2,14,'52418-8558',36),(358,'380',1,8,'41408',36),(359,'710',1,4,'31765-7289',36),(360,'837',2,7,'73540-9994',36),(361,'19',1,1,'32171-4209',37),(362,'700',1,1,'48281-5356',37),(363,'913',2,1,'81488-3481',37),(364,'266',2,17,'49120-4636',37),(365,'969',1,15,'12112',37),(366,'635',1,1,'54193-5732',37),(367,'500',1,6,'51183-3472',37),(368,'108',1,1,'18166',37),(369,'288',1,1,'16369-6943',37),(370,'680',2,18,'77939',37),(371,'16',2,1,'19110',38),(372,'818',1,16,'39335',38),(373,'424',2,1,'98755',38),(374,'179',2,21,'01716-9123',38),(375,'506',2,1,'71243-5136',38),(376,'351',2,12,'05059-3195',38),(377,'701',2,6,'25743-6972',38),(378,'715',1,1,'37177',38),(379,'276',2,1,'36252-9397',38),(380,'472',2,6,'80109-8228',38),(381,'131',1,22,'63046-7527',39),(382,'89',2,1,'77363',39),(383,'338',1,8,'10511-3858',39),(384,'804',2,19,'92681',39),(385,'64',2,14,'77452',39),(386,'12',2,24,'63960',39),(387,'932',1,4,'68094-0737',39),(388,'122',2,16,'66926',39),(389,'727',1,20,'86261-9476',39),(390,'364',2,1,'94114',39),(391,'236',2,23,'38917',40),(392,'793',1,1,'31396',40),(393,'418',2,1,'34169',40),(394,'256',1,1,'42727-1206',40),(395,'807',1,1,'25374',40),(396,'768',2,1,'34457',40),(397,'656',2,1,'23272-6317',40),(398,'761',1,21,'80019',40),(399,'235',2,1,'91036-2930',40),(400,'800',2,1,'92275-3281',40),(401,'707',1,1,'00438-9023',41),(402,'832',1,1,'15364-2384',41),(403,'178',1,1,'82715',41),(404,'427',1,15,'37201',41),(405,'178',1,12,'40682',41),(406,'859',2,7,'23805',41),(407,'750',1,1,'74507-0550',41),(408,'347',2,1,'97694-9145',41),(409,'374',1,1,'70834-7517',41),(410,'710',1,1,'48697-2208',41),(411,'179',1,1,'37929',42),(412,'474',1,8,'97684',42),(413,'647',1,1,'71301',42),(414,'624',2,24,'05286-3983',42),(415,'763',1,1,'65583-3206',42),(416,'145',2,1,'06853',42),(417,'119',1,1,'90268',42),(418,'979',2,1,'54178-8923',42),(419,'758',1,12,'23377',42),(420,'205',2,20,'89553-1270',42),(421,'123',1,1,'43580',43),(422,'961',1,1,'47725',43),(423,'560',2,1,'41695-8543',43),(424,'52',1,1,'80908-5287',43),(425,'964',2,1,'40514',43),(426,'847',2,21,'79480-3854',43),(427,'371',2,1,'98392-7254',43),(428,'903',2,20,'55923',43),(429,'143',1,19,'46923-7212',43),(430,'174',1,6,'26256',43),(431,'50',2,1,'45729-2958',44),(432,'488',1,4,'59247-2281',44),(433,'491',2,6,'06485',44),(434,'2',1,21,'14226',44),(435,'475',2,16,'54266',44),(436,'863',2,1,'30800',44),(437,'371',1,22,'02135-8123',44),(438,'494',1,4,'76458',44),(439,'247',1,1,'03218',44),(440,'223',1,1,'26689-6919',44),(441,'500',2,1,'25910',45),(442,'4',2,1,'92991-4364',45),(443,'547',1,1,'69621',45),(444,'276',1,14,'11910-9166',45),(445,'585',2,1,'35508-4347',45),(446,'660',1,23,'24939-0736',45),(447,'990',1,1,'09908-0212',45),(448,'100',2,11,'17879-7780',45),(449,'671',1,1,'69130-3229',45),(450,'568',1,18,'02330',45),(451,'713',2,1,'31609-3055',46),(452,'168',2,1,'42190',46),(453,'755',2,1,'54570',46),(454,'968',2,1,'00107',46),(455,'641',2,1,'11865-7699',46),(456,'328',2,1,'45714-2273',46),(457,'498',2,10,'13336-9786',46),(458,'149',2,23,'19707-4594',46),(459,'540',1,17,'50260',46),(460,'716',2,23,'82355',46),(461,'61',1,1,'05435-1942',47),(462,'690',1,1,'76474-0920',47),(463,'508',2,1,'37586',47),(464,'645',1,21,'03672',47),(465,'215',2,1,'61443-9090',47),(466,'633',1,12,'73473',47),(467,'381',2,4,'69133',47),(468,'649',1,1,'09027-8088',47),(469,'255',2,23,'84841-9838',47),(470,'646',2,1,'29471',47),(471,'917',2,1,'32352',48),(472,'561',2,1,'47539-9209',48),(473,'911',1,4,'51175-3178',48),(474,'742',1,23,'57289-0738',48),(475,'489',2,1,'64305',48),(476,'865',1,17,'26515-8468',48),(477,'887',2,16,'20827',48),(478,'735',2,12,'70379',48),(479,'585',1,1,'69035-6955',48),(480,'586',1,1,'14788-0877',48),(481,'738',1,11,'67309-3856',49),(482,'117',1,6,'00535-8797',49),(483,'778',2,7,'23981-5470',49),(484,'829',2,1,'46174-4313',49),(485,'383',2,13,'12354-4989',49),(486,'889',1,15,'30255',49),(487,'67',2,1,'12563',49),(488,'312',2,1,'38251-7074',49),(489,'800',2,6,'53922-8292',49),(490,'19',1,6,'92521',49),(491,'858',2,7,'34694-9147',50),(492,'722',2,9,'99864-3733',50),(493,'620',1,23,'69498-0946',50),(494,'484',1,20,'78996',50),(495,'79',1,24,'87116-3409',50),(496,'959',2,19,'84482',50),(497,'636',2,22,'82642',50),(498,'100',1,11,'27979',50),(499,'385',2,1,'46929-7267',50),(500,'199',1,20,'04764-3167',50);
/*!40000 ALTER TABLE `cladiri` ENABLE KEYS */;
UNLOCK TABLES;

--
-- Table structure for table `migrations`
--

DROP TABLE IF EXISTS `migrations`;
/*!40101 SET @saved_cs_client     = @@character_set_client */;
/*!40101 SET character_set_client = utf8 */;
CREATE TABLE `migrations` (
  `id` int(10) unsigned NOT NULL AUTO_INCREMENT,
  `migration` varchar(255) COLLATE utf8mb4_unicode_ci NOT NULL,
  `batch` int(11) NOT NULL,
  PRIMARY KEY (`id`)
) ENGINE=InnoDB AUTO_INCREMENT=8 DEFAULT CHARSET=utf8mb4 COLLATE=utf8mb4_unicode_ci;
/*!40101 SET character_set_client = @saved_cs_client */;

--
-- Dumping data for table `migrations`
--

LOCK TABLES `migrations` WRITE;
/*!40000 ALTER TABLE `migrations` DISABLE KEYS */;
INSERT INTO `migrations` VALUES (1,'2020_01_14_183738_create_cartiere_table',1),(2,'2020_01_14_183802_create_strazi_table',1),(3,'2020_01_14_183825_create_tip_strada_table',1),(4,'2020_01_14_183840_create_cladiri_table',1),(5,'2020_01_14_183914_create_tip_cladire_table',1),(6,'2020_01_14_192710_add_id_strada_to_cladiri',2),(7,'2020_01_14_203201_alter_column_cod_postal_cladiri',3);
/*!40000 ALTER TABLE `migrations` ENABLE KEYS */;
UNLOCK TABLES;

--
-- Table structure for table `strazi`
--

DROP TABLE IF EXISTS `strazi`;
/*!40101 SET @saved_cs_client     = @@character_set_client */;
/*!40101 SET character_set_client = utf8 */;
CREATE TABLE `strazi` (
  `id` bigint(20) unsigned NOT NULL AUTO_INCREMENT,
  `nume_strada` varchar(250) COLLATE utf8mb4_unicode_ci NOT NULL,
  `id_cartier` int(10) unsigned NOT NULL,
  `id_tip_strada` int(10) unsigned NOT NULL,
  `nr_cladiri` mediumint(8) unsigned NOT NULL,
  PRIMARY KEY (`id`),
  UNIQUE KEY `strazi_id_unique` (`id`),
  UNIQUE KEY `strazi_nume_strada_unique` (`nume_strada`)
) ENGINE=InnoDB AUTO_INCREMENT=51 DEFAULT CHARSET=utf8mb4 COLLATE=utf8mb4_unicode_ci;
/*!40101 SET character_set_client = @saved_cs_client */;

--
-- Dumping data for table `strazi`
--

LOCK TABLES `strazi` WRITE;
/*!40000 ALTER TABLE `strazi` DISABLE KEYS */;
INSERT INTO `strazi` VALUES (1,'Joelle Drive',1,3,10),(2,'Jacobs Ridges',1,3,6),(3,'Cathy River',1,3,5),(4,'Harmon Mill',1,3,8),(5,'Kamron Green',1,2,9),(6,'Ullrich Locks',1,2,8),(7,'Julius Green',1,2,5),(8,'Arne Knolls',1,3,7),(9,'Littel Drives',1,1,8),(10,'Vandervort Extension',1,2,6),(11,'Green Knolls',2,3,6),(12,'Gislason Lights',2,2,7),(13,'Thelma Turnpike',2,1,5),(14,'Lafayette Canyon',2,3,10),(15,'Turcotte Islands',2,1,8),(16,'Alan Coves',2,1,8),(17,'Keely Ways',2,1,7),(18,'Bradtke Drive',2,1,5),(19,'Koepp Shoal',2,3,6),(20,'O\'Hara Mission',2,1,8),(21,'Name Stravenue',3,2,5),(22,'Bogisich Spring',3,1,6),(23,'Kulas Shoals',3,2,9),(24,'VonRueden Street',3,2,8),(25,'Antoinette Haven',3,1,6),(26,'Judge Alley',3,2,6),(27,'Aubree Lake',3,3,6),(28,'Corkery Burgs',3,3,8),(29,'Brody Inlet',3,1,7),(30,'Amanda Islands',3,1,8),(31,'Pablo Heights',4,3,8),(32,'Edwin Stream',4,2,7),(33,'Lesch Row',4,1,9),(34,'Murphy Ridges',4,1,8),(35,'Catherine Field',4,2,8),(36,'Delpha Overpass',4,3,9),(37,'Macejkovic Stream',4,3,8),(38,'Windler Road',4,3,9),(39,'Cormier Freeway',4,3,10),(40,'Thomas Expressway',4,2,8),(41,'Marks Station',5,2,8),(42,'Myrtle Roads',5,2,9),(43,'Vincenzo Harbor',5,1,5),(44,'Leanne Glens',5,3,8),(45,'Rocio Garden',5,3,6),(46,'Torp Island',5,1,7),(47,'Emmy Row',5,2,5),(48,'Ruecker Plains',5,1,6),(49,'Durgan Track',5,2,9),(50,'Mosciski Trail',5,1,9);
/*!40000 ALTER TABLE `strazi` ENABLE KEYS */;
UNLOCK TABLES;

--
-- Table structure for table `tip_cladire`
--

DROP TABLE IF EXISTS `tip_cladire`;
/*!40101 SET @saved_cs_client     = @@character_set_client */;
/*!40101 SET character_set_client = utf8 */;
CREATE TABLE `tip_cladire` (
  `id` bigint(20) unsigned NOT NULL AUTO_INCREMENT,
  `nume` varchar(160) COLLATE utf8mb4_unicode_ci NOT NULL,
  PRIMARY KEY (`id`),
  UNIQUE KEY `tip_cladire_id_unique` (`id`),
  UNIQUE KEY `tip_cladire_nume_unique` (`nume`)
) ENGINE=InnoDB AUTO_INCREMENT=3 DEFAULT CHARSET=utf8mb4 COLLATE=utf8mb4_unicode_ci;
/*!40101 SET character_set_client = @saved_cs_client */;

--
-- Dumping data for table `tip_cladire`
--

LOCK TABLES `tip_cladire` WRITE;
/*!40000 ALTER TABLE `tip_cladire` DISABLE KEYS */;
INSERT INTO `tip_cladire` VALUES (1,'bloc'),(2,'casa');
/*!40000 ALTER TABLE `tip_cladire` ENABLE KEYS */;
UNLOCK TABLES;

--
-- Table structure for table `tip_strada`
--

DROP TABLE IF EXISTS `tip_strada`;
/*!40101 SET @saved_cs_client     = @@character_set_client */;
/*!40101 SET character_set_client = utf8 */;
CREATE TABLE `tip_strada` (
  `id` bigint(20) unsigned NOT NULL AUTO_INCREMENT,
  `nume` varchar(250) COLLATE utf8mb4_unicode_ci NOT NULL,
  PRIMARY KEY (`id`),
  UNIQUE KEY `tip_strada_nume_unique` (`nume`)
) ENGINE=InnoDB AUTO_INCREMENT=4 DEFAULT CHARSET=utf8mb4 COLLATE=utf8mb4_unicode_ci;
/*!40101 SET character_set_client = @saved_cs_client */;

--
-- Dumping data for table `tip_strada`
--

LOCK TABLES `tip_strada` WRITE;
/*!40000 ALTER TABLE `tip_strada` DISABLE KEYS */;
INSERT INTO `tip_strada` VALUES (1,'bulevard'),(3,'piata'),(2,'strada');
/*!40000 ALTER TABLE `tip_strada` ENABLE KEYS */;
UNLOCK TABLES;
/*!40103 SET TIME_ZONE=@OLD_TIME_ZONE */;

/*!40101 SET SQL_MODE=@OLD_SQL_MODE */;
/*!40014 SET FOREIGN_KEY_CHECKS=@OLD_FOREIGN_KEY_CHECKS */;
/*!40014 SET UNIQUE_CHECKS=@OLD_UNIQUE_CHECKS */;
/*!40101 SET CHARACTER_SET_CLIENT=@OLD_CHARACTER_SET_CLIENT */;
/*!40101 SET CHARACTER_SET_RESULTS=@OLD_CHARACTER_SET_RESULTS */;
/*!40101 SET COLLATION_CONNECTION=@OLD_COLLATION_CONNECTION */;
/*!40111 SET SQL_NOTES=@OLD_SQL_NOTES */;

-- Dump completed on 2020-01-16 16:34:25
